"","sim_i","t","person","blk","testatus"
"1","1","1","1","0","s"
"2","1","1","2","0","s"
"3","1","1","3","1","s"
"4","1","1","4","1","s"
"5","1","1","5","1","s"
"6","1","1","6","0","s"
"7","1","1","7","1","s"
"8","1","1","8","1","s"
"9","1","1","9","0","s"
"10","1","1","10","1","s"
"11","1","1","11","0","s"
"12","1","1","12","0","s"
"13","1","1","13","0","s"
"14","1","1","14","0","s"
"15","1","1","15","0","s"
"16","1","1","16","1","s"
"17","1","1","17","1","s"
"18","1","1","18","1","s"
"19","1","1","19","0","s"
"20","1","1","20","1","s"
"21","1","1","21","1","s"
"22","1","1","22","1","s"
"23","1","1","23","0","s"
"24","1","1","24","0","s"
"25","1","1","25","1","s"
"26","1","1","26","1","s"
"27","1","1","27","0","s"
"28","1","1","28","1","s"
"29","1","1","29","0","s"
"30","1","1","30","0","s"
"31","1","1","31","0","s"
"32","1","1","32","1","s"
"33","1","1","33","0","s"
"34","1","1","34","0","s"
"35","1","1","35","0","s"
"36","1","1","36","1","s"
"37","1","1","37","0","s"
"38","1","1","38","0","s"
"39","1","1","39","1","s"
"40","1","1","40","1","s"
"41","1","1","41","0","s"
"42","1","1","42","0","s"
"43","1","1","43","1","s"
"44","1","1","44","0","s"
"45","1","1","45","1","s"
"46","1","1","46","1","s"
"47","1","1","47","1","s"
"48","1","1","48","0","s"
"49","1","1","49","0","s"
"50","1","1","50","0","s"
"51","1","1","51","1","s"
"52","1","1","52","1","s"
"53","1","1","53","1","s"
"54","1","1","54","0","s"
"55","1","1","55","0","s"
"56","1","1","56","0","s"
"57","1","1","57","0","s"
"58","1","1","58","0","s"
"59","1","1","59","0","s"
"60","1","1","60","1","s"
"61","1","1","61","1","s"
"62","1","1","62","1","s"
"63","1","1","63","1","s"
"64","1","1","64","0","i"
"65","1","1","65","1","s"
"66","1","1","66","0","s"
"67","1","1","67","1","s"
"68","1","1","68","1","s"
"69","1","1","69","0","s"
"70","1","1","70","1","s"
"71","1","1","71","0","s"
"72","1","1","72","0","s"
"73","1","1","73","1","s"
"74","1","1","74","1","s"
"75","1","1","75","0","s"
"76","1","1","76","1","s"
"77","1","1","77","1","s"
"78","1","1","78","1","s"
"79","1","1","79","1","s"
"80","1","1","80","1","s"
"81","1","1","81","0","s"
"82","1","1","82","0","s"
"83","1","1","83","1","s"
"84","1","1","84","1","s"
"85","1","1","85","1","s"
"86","1","1","86","0","s"
"87","1","1","87","0","s"
"88","1","1","88","1","s"
"89","1","1","89","1","s"
"90","1","1","90","0","s"
"91","1","1","91","1","s"
"92","1","1","92","0","s"
"93","1","1","93","1","i"
"94","1","1","94","0","s"
"95","1","1","95","1","s"
"96","1","1","96","0","s"
"97","1","1","97","0","s"
"98","1","1","98","1","s"
"99","1","1","99","1","s"
"100","1","1","100","1","s"
"101","1","1","101","1","s"
"102","1","1","102","0","s"
"103","1","1","103","0","s"
"104","1","1","104","1","s"
"105","1","1","105","0","s"
"106","1","1","106","0","s"
"107","1","1","107","1","s"
"108","1","1","108","0","s"
"109","1","1","109","1","i"
"110","1","1","110","1","s"
"111","1","1","111","0","s"
"112","1","1","112","0","s"
"113","1","1","113","1","s"
"114","1","1","114","0","s"
"115","1","1","115","1","s"
"116","1","1","116","0","s"
"117","1","1","117","1","s"
"118","1","1","118","0","s"
"119","1","1","119","1","s"
"120","1","1","120","1","s"
"121","1","1","121","0","s"
"122","1","1","122","1","s"
"123","1","1","123","1","s"
"124","1","1","124","1","s"
"125","1","1","125","1","s"
"126","1","1","126","0","s"
"127","1","1","127","1","i"
"128","1","1","128","0","s"
"129","1","1","129","1","s"
"130","1","1","130","1","s"
"131","1","1","131","1","s"
"132","1","1","132","0","s"
"133","1","1","133","0","s"
"134","1","1","134","1","s"
"135","1","1","135","1","s"
"136","1","1","136","1","s"
"137","1","1","137","1","s"
"138","1","1","138","1","s"
"139","1","1","139","0","s"
"140","1","1","140","1","s"
"141","1","1","141","1","s"
"142","1","1","142","1","s"
"143","1","1","143","0","s"
"144","1","1","144","1","s"
"145","1","1","145","1","s"
"146","1","1","146","1","s"
"147","1","1","147","0","s"
"148","1","1","148","0","s"
"149","1","1","149","0","s"
"150","1","1","150","1","s"
"151","1","1","151","1","i"
"152","1","1","152","1","s"
"153","1","1","153","0","s"
"154","1","1","154","0","s"
"155","1","1","155","1","s"
"156","1","1","156","0","s"
"157","1","1","157","0","s"
"158","1","1","158","1","s"
"159","1","1","159","0","s"
"160","1","1","160","1","s"
"161","1","1","161","1","s"
"162","1","1","162","1","s"
"163","1","1","163","1","s"
"164","1","1","164","1","s"
"165","1","1","165","0","s"
"166","1","1","166","1","s"
"167","1","1","167","0","s"
"168","1","1","168","0","s"
"169","1","1","169","1","s"
"170","1","1","170","1","s"
"171","1","1","171","0","s"
"172","1","1","172","1","s"
"173","1","1","173","1","s"
"174","1","1","174","1","s"
"175","1","1","175","0","s"
"176","1","1","176","1","s"
"177","1","1","177","1","s"
"178","1","1","178","0","s"
"179","1","1","179","0","s"
"180","1","1","180","0","s"
"181","1","1","181","1","s"
"182","1","1","182","1","s"
"183","1","1","183","0","s"
"184","1","1","184","0","s"
"185","1","1","185","1","s"
"186","1","1","186","0","s"
"187","1","1","187","0","s"
"188","1","1","188","0","s"
"189","1","1","189","0","s"
"190","1","1","190","1","s"
"191","1","1","191","0","s"
"192","1","1","192","1","s"
"193","1","1","193","1","s"
"194","1","1","194","0","s"
"195","1","1","195","0","s"
"196","1","1","196","1","s"
"197","1","1","197","1","s"
"198","1","1","198","1","s"
"199","1","1","199","1","s"
"200","1","1","200","1","s"
"201","1","1","201","1","s"
"202","1","1","202","1","s"
"203","1","1","203","1","s"
"204","1","1","204","1","s"
"205","1","1","205","0","s"
"206","1","1","206","1","i"
"207","1","1","207","1","s"
"208","1","1","208","0","s"
"209","1","1","209","0","s"
"210","1","1","210","1","s"
"211","1","1","211","1","s"
"212","1","1","212","1","s"
"213","1","1","213","0","s"
"214","1","1","214","1","s"
"215","1","1","215","0","s"
"216","1","1","216","0","s"
"217","1","1","217","0","s"
"218","1","1","218","0","s"
"219","1","1","219","0","s"
"220","1","1","220","0","s"
"221","1","1","221","0","s"
"222","1","1","222","0","s"
"223","1","1","223","1","s"
"224","1","1","224","1","s"
"225","1","1","225","0","s"
"226","1","1","226","1","s"
"227","1","1","227","1","s"
"228","1","1","228","1","s"
"229","1","1","229","0","s"
"230","1","1","230","1","s"
"231","1","1","231","1","s"
"232","1","1","232","1","s"
"233","1","1","233","1","s"
"234","1","1","234","0","s"
"235","1","1","235","0","s"
"236","1","1","236","0","s"
"237","1","1","237","0","s"
"238","1","1","238","1","s"
"239","1","1","239","1","s"
"240","1","1","240","0","s"
"241","1","1","241","1","s"
"242","1","1","242","1","s"
"243","1","1","243","0","s"
"244","1","1","244","1","s"
"245","1","1","245","0","s"
"246","1","1","246","1","s"
"247","1","1","247","1","s"
"248","1","1","248","0","s"
"249","1","1","249","1","s"
"250","1","1","250","0","s"
"251","1","1","251","1","s"
"252","1","1","252","0","s"
"253","1","1","253","1","s"
"254","1","1","254","1","s"
"255","1","1","255","0","s"
"256","1","1","256","1","s"
"257","1","1","257","1","s"
"258","1","1","258","1","s"
"259","1","1","259","0","s"
"260","1","1","260","0","s"
"261","1","1","261","0","s"
"262","1","1","262","0","s"
"263","1","1","263","0","s"
"264","1","1","264","0","s"
"265","1","1","265","0","s"
"266","1","1","266","0","s"
"267","1","1","267","0","s"
"268","1","1","268","1","s"
"269","1","1","269","0","s"
"270","1","1","270","1","s"
"271","1","1","271","1","s"
"272","1","1","272","1","s"
"273","1","1","273","0","s"
"274","1","1","274","0","s"
"275","1","1","275","0","s"
"276","1","1","276","1","i"
"277","1","1","277","1","s"
"278","1","1","278","0","s"
"279","1","1","279","1","s"
"280","1","1","280","0","s"
"281","1","1","281","0","s"
"282","1","1","282","0","s"
"283","1","1","283","0","s"
"284","1","1","284","1","s"
"285","1","1","285","0","s"
"286","1","1","286","1","s"
"287","1","1","287","1","s"
"288","1","1","288","0","s"
"289","1","1","289","0","s"
"290","1","1","290","1","s"
"291","1","1","291","0","s"
"292","1","1","292","1","s"
"293","1","1","293","1","s"
"294","1","1","294","1","s"
"295","1","1","295","0","s"
"296","1","1","296","1","s"
"297","1","1","297","0","s"
"298","1","1","298","0","s"
"299","1","1","299","0","s"
"300","1","1","300","1","s"
"301","1","1","301","0","s"
"302","1","1","302","1","s"
"303","1","1","303","0","s"
"304","1","1","304","0","s"
"305","1","1","305","0","s"
"306","1","1","306","0","s"
"307","1","1","307","0","s"
"308","1","1","308","0","s"
"309","1","1","309","0","s"
"310","1","1","310","0","s"
"311","1","1","311","1","s"
"312","1","1","312","1","i"
"313","1","1","313","1","s"
"314","1","1","314","0","s"
"315","1","1","315","0","s"
"316","1","1","316","1","s"
"317","1","1","317","1","s"
"318","1","1","318","0","s"
"319","1","1","319","0","s"
"320","1","1","320","1","s"
"321","1","1","321","1","s"
"322","1","1","322","0","s"
"323","1","1","323","1","s"
"324","1","1","324","0","s"
"325","1","1","325","0","s"
"326","1","1","326","1","s"
"327","1","1","327","0","s"
"328","1","1","328","1","s"
"329","1","1","329","1","s"
"330","1","1","330","1","s"
"331","1","1","331","1","s"
"332","1","1","332","0","s"
"333","1","1","333","0","s"
"334","1","1","334","0","s"
"335","1","1","335","1","s"
"336","1","1","336","0","s"
"337","1","1","337","0","s"
"338","1","1","338","1","s"
"339","1","1","339","0","s"
"340","1","1","340","1","s"
"341","1","1","341","1","s"
"342","1","1","342","1","s"
"343","1","1","343","1","s"
"344","1","1","344","0","s"
"345","1","1","345","0","s"
"346","1","1","346","0","s"
"347","1","1","347","1","s"
"348","1","1","348","0","s"
"349","1","1","349","0","s"
"350","1","1","350","0","s"
"351","1","1","351","0","s"
"352","1","1","352","1","s"
"353","1","1","353","1","s"
"354","1","1","354","0","s"
"355","1","1","355","0","s"
"356","1","1","356","0","s"
"357","1","1","357","1","s"
"358","1","1","358","1","s"
"359","1","1","359","1","s"
"360","1","1","360","1","s"
"361","1","1","361","1","s"
"362","1","1","362","1","s"
"363","1","1","363","1","s"
"364","1","1","364","0","s"
"365","1","1","365","0","s"
"366","1","1","366","1","s"
"367","1","1","367","0","s"
"368","1","1","368","0","s"
"369","1","1","369","1","s"
"370","1","1","370","1","s"
"371","1","1","371","1","s"
"372","1","1","372","1","s"
"373","1","1","373","0","s"
"374","1","1","374","1","s"
"375","1","1","375","0","s"
"376","1","1","376","1","s"
"377","1","1","377","0","s"
"378","1","1","378","1","s"
"379","1","1","379","0","s"
"380","1","1","380","1","s"
"381","1","1","381","0","s"
"382","1","1","382","0","s"
"383","1","1","383","1","s"
"384","1","1","384","0","s"
"385","1","1","385","1","s"
"386","1","1","386","0","s"
"387","1","1","387","0","s"
"388","1","1","388","0","s"
"389","1","1","389","0","s"
"390","1","1","390","0","s"
"391","1","1","391","0","s"
"392","1","1","392","1","s"
"393","1","1","393","0","s"
"394","1","1","394","1","s"
"395","1","1","395","0","s"
"396","1","1","396","1","s"
"397","1","1","397","1","s"
"398","1","1","398","0","s"
"399","1","1","399","0","s"
"400","1","1","400","1","s"
"401","1","1","401","0","s"
"402","1","1","402","1","s"
"403","1","1","403","1","s"
"404","1","1","404","1","s"
"405","1","1","405","0","s"
"406","1","1","406","1","s"
"407","1","1","407","0","s"
"408","1","1","408","0","s"
"409","1","1","409","0","s"
"410","1","1","410","0","s"
"411","1","1","411","1","s"
"412","1","1","412","1","s"
"413","1","1","413","0","s"
"414","1","1","414","1","s"
"415","1","1","415","1","s"
"416","1","1","416","1","s"
"417","1","1","417","1","s"
"418","1","1","418","1","s"
"419","1","1","419","0","s"
"420","1","1","420","0","s"
"421","1","1","421","1","s"
"422","1","1","422","1","s"
"423","1","1","423","1","s"
"424","1","1","424","0","s"
"425","1","1","425","0","s"
"426","1","1","426","0","s"
"427","1","1","427","0","i"
"428","1","1","428","1","s"
"429","1","1","429","1","s"
"430","1","1","430","0","s"
"431","1","1","431","0","s"
"432","1","1","432","0","s"
"433","1","1","433","0","s"
"434","1","1","434","0","s"
"435","1","1","435","1","s"
"436","1","1","436","1","s"
"437","1","1","437","0","s"
"438","1","1","438","0","s"
"439","1","1","439","1","s"
"440","1","1","440","0","s"
"441","1","1","441","1","s"
"442","1","1","442","1","s"
"443","1","1","443","1","s"
"444","1","1","444","0","s"
"445","1","1","445","0","s"
"446","1","1","446","0","s"
"447","1","1","447","1","s"
"448","1","1","448","0","s"
"449","1","1","449","1","s"
"450","1","1","450","0","s"
"451","1","1","451","1","s"
"452","1","1","452","0","s"
"453","1","1","453","1","s"
"454","1","1","454","0","s"
"455","1","1","455","1","s"
"456","1","1","456","1","s"
"457","1","1","457","1","s"
"458","1","1","458","1","s"
"459","1","1","459","0","s"
"460","1","1","460","0","s"
"461","1","1","461","0","s"
"462","1","1","462","0","s"
"463","1","1","463","1","s"
"464","1","1","464","0","s"
"465","1","1","465","0","s"
"466","1","1","466","0","s"
"467","1","1","467","0","s"
"468","1","1","468","1","s"
"469","1","1","469","1","s"
"470","1","1","470","1","s"
"471","1","1","471","1","s"
"472","1","1","472","0","s"
"473","1","1","473","0","s"
"474","1","1","474","0","s"
"475","1","1","475","0","s"
"476","1","1","476","0","i"
"477","1","1","477","1","s"
"478","1","1","478","0","s"
"479","1","1","479","1","s"
"480","1","1","480","0","s"
"481","1","1","481","0","s"
"482","1","1","482","1","s"
"483","1","1","483","0","s"
"484","1","1","484","1","s"
"485","1","1","485","0","s"
"486","1","1","486","0","s"
"487","1","1","487","1","s"
"488","1","1","488","0","s"
"489","1","1","489","1","s"
"490","1","1","490","0","s"
"491","1","1","491","1","s"
"492","1","1","492","1","s"
"493","1","1","493","0","s"
"494","1","1","494","1","s"
"495","1","1","495","1","s"
"496","1","1","496","1","s"
"497","1","1","497","0","s"
"498","1","1","498","0","s"
"499","1","1","499","0","s"
"500","1","1","500","1","s"
"501","1","3","1","0","s"
"502","1","3","2","0","s"
"503","1","3","3","1","s"
"504","1","3","4","1","s"
"505","1","3","5","1","s"
"506","1","3","6","0","s"
"507","1","3","7","1","s"
"508","1","3","8","1","s"
"509","1","3","9","0","s"
"510","1","3","10","1","s"
"511","1","3","11","0","s"
"512","1","3","12","0","s"
"513","1","3","13","0","s"
"514","1","3","14","0","s"
"515","1","3","15","0","s"
"516","1","3","16","1","s"
"517","1","3","17","1","s"
"518","1","3","18","1","s"
"519","1","3","19","0","s"
"520","1","3","20","1","s"
"521","1","3","21","1","s"
"522","1","3","22","1","s"
"523","1","3","23","0","s"
"524","1","3","24","0","s"
"525","1","3","25","1","s"
"526","1","3","26","1","s"
"527","1","3","27","0","s"
"528","1","3","28","1","s"
"529","1","3","29","0","s"
"530","1","3","30","0","s"
"531","1","3","31","0","s"
"532","1","3","32","1","s"
"533","1","3","33","0","s"
"534","1","3","34","0","s"
"535","1","3","35","0","s"
"536","1","3","36","1","s"
"537","1","3","37","0","s"
"538","1","3","38","0","s"
"539","1","3","39","1","s"
"540","1","3","40","1","s"
"541","1","3","41","0","s"
"542","1","3","42","0","s"
"543","1","3","43","1","s"
"544","1","3","44","0","s"
"545","1","3","45","1","s"
"546","1","3","46","1","s"
"547","1","3","47","1","s"
"548","1","3","48","0","s"
"549","1","3","49","0","s"
"550","1","3","50","0","s"
"551","1","3","51","1","s"
"552","1","3","52","1","s"
"553","1","3","53","1","s"
"554","1","3","54","0","s"
"555","1","3","55","0","s"
"556","1","3","56","0","s"
"557","1","3","57","0","s"
"558","1","3","58","0","s"
"559","1","3","59","0","s"
"560","1","3","60","1","s"
"561","1","3","61","1","s"
"562","1","3","62","1","s"
"563","1","3","63","1","s"
"564","1","3","64","0","i"
"565","1","3","65","1","s"
"566","1","3","66","0","s"
"567","1","3","67","1","s"
"568","1","3","68","1","s"
"569","1","3","69","0","s"
"570","1","3","70","1","s"
"571","1","3","71","0","s"
"572","1","3","72","0","s"
"573","1","3","73","1","s"
"574","1","3","74","1","s"
"575","1","3","75","0","s"
"576","1","3","76","1","s"
"577","1","3","77","1","s"
"578","1","3","78","1","s"
"579","1","3","79","1","s"
"580","1","3","80","1","s"
"581","1","3","81","0","s"
"582","1","3","82","0","s"
"583","1","3","83","1","s"
"584","1","3","84","1","s"
"585","1","3","85","1","s"
"586","1","3","86","0","s"
"587","1","3","87","0","s"
"588","1","3","88","1","s"
"589","1","3","89","0","s"
"590","1","3","90","1","s"
"591","1","3","91","0","s"
"592","1","3","92","1","i"
"593","1","3","93","0","s"
"594","1","3","94","1","s"
"595","1","3","95","0","s"
"596","1","3","96","0","s"
"597","1","3","97","1","s"
"598","1","3","98","1","s"
"599","1","3","99","1","s"
"600","1","3","100","1","s"
"601","1","3","101","0","s"
"602","1","3","102","0","s"
"603","1","3","103","1","s"
"604","1","3","104","0","s"
"605","1","3","105","0","s"
"606","1","3","106","1","s"
"607","1","3","107","0","s"
"608","1","3","108","1","i"
"609","1","3","109","1","s"
"610","1","3","110","0","s"
"611","1","3","111","0","s"
"612","1","3","112","1","s"
"613","1","3","113","0","s"
"614","1","3","114","1","s"
"615","1","3","115","0","s"
"616","1","3","116","1","s"
"617","1","3","117","0","s"
"618","1","3","118","1","s"
"619","1","3","119","1","s"
"620","1","3","120","0","s"
"621","1","3","121","1","s"
"622","1","3","122","1","s"
"623","1","3","123","1","s"
"624","1","3","124","1","s"
"625","1","3","125","0","s"
"626","1","3","126","1","i"
"627","1","3","127","0","s"
"628","1","3","128","1","s"
"629","1","3","129","1","s"
"630","1","3","130","1","s"
"631","1","3","131","0","s"
"632","1","3","132","0","s"
"633","1","3","133","1","s"
"634","1","3","134","1","s"
"635","1","3","135","1","s"
"636","1","3","136","1","s"
"637","1","3","137","1","s"
"638","1","3","138","0","s"
"639","1","3","139","1","s"
"640","1","3","140","1","s"
"641","1","3","141","1","s"
"642","1","3","142","0","s"
"643","1","3","143","1","s"
"644","1","3","144","1","s"
"645","1","3","145","1","s"
"646","1","3","146","0","s"
"647","1","3","147","0","s"
"648","1","3","148","0","s"
"649","1","3","149","1","s"
"650","1","3","150","1","i"
"651","1","3","151","1","s"
"652","1","3","152","0","s"
"653","1","3","153","0","s"
"654","1","3","154","1","s"
"655","1","3","155","0","s"
"656","1","3","156","0","s"
"657","1","3","157","1","s"
"658","1","3","158","0","s"
"659","1","3","159","1","s"
"660","1","3","160","1","s"
"661","1","3","161","1","s"
"662","1","3","162","1","s"
"663","1","3","163","1","s"
"664","1","3","164","0","s"
"665","1","3","165","1","s"
"666","1","3","166","0","s"
"667","1","3","167","0","s"
"668","1","3","168","1","s"
"669","1","3","169","1","s"
"670","1","3","170","0","s"
"671","1","3","171","1","s"
"672","1","3","172","1","s"
"673","1","3","173","1","s"
"674","1","3","174","0","s"
"675","1","3","175","1","s"
"676","1","3","176","1","s"
"677","1","3","177","0","s"
"678","1","3","178","0","s"
"679","1","3","179","0","s"
"680","1","3","180","1","s"
"681","1","3","181","1","s"
"682","1","3","182","0","s"
"683","1","3","183","0","s"
"684","1","3","184","1","s"
"685","1","3","185","0","s"
"686","1","3","186","0","s"
"687","1","3","187","0","s"
"688","1","3","188","0","s"
"689","1","3","189","1","s"
"690","1","3","190","0","s"
"691","1","3","191","1","s"
"692","1","3","192","1","s"
"693","1","3","193","0","s"
"694","1","3","194","0","s"
"695","1","3","195","1","s"
"696","1","3","196","1","s"
"697","1","3","197","1","s"
"698","1","3","198","1","s"
"699","1","3","199","1","s"
"700","1","3","200","1","s"
"701","1","3","201","1","s"
"702","1","3","202","1","s"
"703","1","3","203","1","s"
"704","1","3","204","0","s"
"705","1","3","205","1","i"
"706","1","3","206","1","s"
"707","1","3","207","0","s"
"708","1","3","208","0","s"
"709","1","3","209","1","s"
"710","1","3","210","1","s"
"711","1","3","211","1","s"
"712","1","3","212","0","s"
"713","1","3","213","1","s"
"714","1","3","214","0","s"
"715","1","3","215","0","s"
"716","1","3","216","0","s"
"717","1","3","217","0","s"
"718","1","3","218","0","s"
"719","1","3","219","0","s"
"720","1","3","220","0","s"
"721","1","3","221","0","s"
"722","1","3","222","1","s"
"723","1","3","223","1","s"
"724","1","3","224","0","s"
"725","1","3","225","1","s"
"726","1","3","226","1","s"
"727","1","3","227","1","s"
"728","1","3","228","0","s"
"729","1","3","229","1","s"
"730","1","3","230","1","s"
"731","1","3","231","1","s"
"732","1","3","232","1","s"
"733","1","3","233","0","s"
"734","1","3","234","0","s"
"735","1","3","235","0","s"
"736","1","3","236","0","s"
"737","1","3","237","1","s"
"738","1","3","238","1","s"
"739","1","3","239","0","s"
"740","1","3","240","1","s"
"741","1","3","241","1","s"
"742","1","3","242","0","s"
"743","1","3","243","1","s"
"744","1","3","244","0","s"
"745","1","3","245","1","s"
"746","1","3","246","1","s"
"747","1","3","247","0","s"
"748","1","3","248","1","s"
"749","1","3","249","0","s"
"750","1","3","250","1","s"
"751","1","3","251","0","s"
"752","1","3","252","1","s"
"753","1","3","253","1","s"
"754","1","3","254","0","s"
"755","1","3","255","1","s"
"756","1","3","256","1","s"
"757","1","3","257","1","s"
"758","1","3","258","0","s"
"759","1","3","259","0","s"
"760","1","3","260","0","s"
"761","1","3","261","0","s"
"762","1","3","262","0","s"
"763","1","3","263","0","s"
"764","1","3","264","0","s"
"765","1","3","265","0","s"
"766","1","3","266","0","s"
"767","1","3","267","1","s"
"768","1","3","268","0","s"
"769","1","3","269","1","s"
"770","1","3","270","1","s"
"771","1","3","271","1","s"
"772","1","3","272","0","s"
"773","1","3","273","0","s"
"774","1","3","274","0","s"
"775","1","3","275","1","i"
"776","1","3","276","1","s"
"777","1","3","277","0","s"
"778","1","3","278","1","s"
"779","1","3","279","0","s"
"780","1","3","280","0","s"
"781","1","3","281","0","s"
"782","1","3","282","0","s"
"783","1","3","283","1","s"
"784","1","3","284","0","s"
"785","1","3","285","1","s"
"786","1","3","286","1","s"
"787","1","3","287","0","s"
"788","1","3","288","0","s"
"789","1","3","289","1","s"
"790","1","3","290","0","s"
"791","1","3","291","1","s"
"792","1","3","292","1","s"
"793","1","3","293","1","s"
"794","1","3","294","0","s"
"795","1","3","295","1","s"
"796","1","3","296","0","s"
"797","1","3","297","0","s"
"798","1","3","298","0","s"
"799","1","3","299","1","s"
"800","1","3","300","0","s"
"801","1","3","301","1","s"
"802","1","3","302","0","s"
"803","1","3","303","0","s"
"804","1","3","304","0","s"
"805","1","3","305","0","s"
"806","1","3","306","0","s"
"807","1","3","307","0","s"
"808","1","3","308","0","s"
"809","1","3","309","0","s"
"810","1","3","310","1","s"
"811","1","3","311","1","i"
"812","1","3","312","1","s"
"813","1","3","313","0","s"
"814","1","3","314","0","s"
"815","1","3","315","1","s"
"816","1","3","316","1","s"
"817","1","3","317","0","s"
"818","1","3","318","0","s"
"819","1","3","319","1","s"
"820","1","3","320","1","s"
"821","1","3","321","0","s"
"822","1","3","322","1","s"
"823","1","3","323","0","s"
"824","1","3","324","0","s"
"825","1","3","325","1","s"
"826","1","3","326","0","s"
"827","1","3","327","1","s"
"828","1","3","328","1","s"
"829","1","3","329","1","s"
"830","1","3","330","1","s"
"831","1","3","331","0","s"
"832","1","3","332","0","s"
"833","1","3","333","0","s"
"834","1","3","334","1","s"
"835","1","3","335","0","s"
"836","1","3","336","1","s"
"837","1","3","337","0","s"
"838","1","3","338","1","s"
"839","1","3","339","1","s"
"840","1","3","340","1","s"
"841","1","3","341","0","s"
"842","1","3","342","0","s"
"843","1","3","343","0","s"
"844","1","3","344","1","s"
"845","1","3","345","0","s"
"846","1","3","346","0","s"
"847","1","3","347","0","s"
"848","1","3","348","0","s"
"849","1","3","349","1","s"
"850","1","3","350","1","s"
"851","1","3","351","0","s"
"852","1","3","352","0","s"
"853","1","3","353","0","s"
"854","1","3","354","1","s"
"855","1","3","355","1","s"
"856","1","3","356","1","s"
"857","1","3","357","1","s"
"858","1","3","358","1","s"
"859","1","3","359","1","s"
"860","1","3","360","1","s"
"861","1","3","361","0","s"
"862","1","3","362","0","s"
"863","1","3","363","1","s"
"864","1","3","364","0","s"
"865","1","3","365","0","s"
"866","1","3","366","1","s"
"867","1","3","367","1","s"
"868","1","3","368","1","s"
"869","1","3","369","1","s"
"870","1","3","370","0","s"
"871","1","3","371","1","s"
"872","1","3","372","0","s"
"873","1","3","373","1","s"
"874","1","3","374","0","s"
"875","1","3","375","1","s"
"876","1","3","376","0","s"
"877","1","3","377","1","s"
"878","1","3","378","0","s"
"879","1","3","379","0","s"
"880","1","3","380","1","s"
"881","1","3","381","0","s"
"882","1","3","382","1","s"
"883","1","3","383","0","s"
"884","1","3","384","0","s"
"885","1","3","385","0","s"
"886","1","3","386","0","s"
"887","1","3","387","0","s"
"888","1","3","388","0","s"
"889","1","3","389","1","s"
"890","1","3","390","0","s"
"891","1","3","391","1","s"
"892","1","3","392","0","s"
"893","1","3","393","1","s"
"894","1","3","394","1","s"
"895","1","3","395","0","s"
"896","1","3","396","0","s"
"897","1","3","397","1","s"
"898","1","3","398","0","s"
"899","1","3","399","1","s"
"900","1","3","400","1","s"
"901","1","3","401","1","s"
"902","1","3","402","0","s"
"903","1","3","403","1","s"
"904","1","3","404","0","s"
"905","1","3","405","0","s"
"906","1","3","406","0","s"
"907","1","3","407","0","s"
"908","1","3","408","1","s"
"909","1","3","409","1","s"
"910","1","3","410","0","s"
"911","1","3","411","1","s"
"912","1","3","412","1","s"
"913","1","3","413","1","s"
"914","1","3","414","1","s"
"915","1","3","415","1","s"
"916","1","3","416","0","s"
"917","1","3","417","0","s"
"918","1","3","418","1","s"
"919","1","3","419","1","s"
"920","1","3","420","1","s"
"921","1","3","421","0","s"
"922","1","3","422","0","s"
"923","1","3","423","0","s"
"924","1","3","424","0","i"
"925","1","3","425","1","s"
"926","1","3","426","1","s"
"927","1","3","427","0","s"
"928","1","3","428","0","s"
"929","1","3","429","0","s"
"930","1","3","430","0","s"
"931","1","3","431","0","s"
"932","1","3","432","1","s"
"933","1","3","433","1","s"
"934","1","3","434","0","s"
"935","1","3","435","0","s"
"936","1","3","436","1","s"
"937","1","3","437","0","s"
"938","1","3","438","1","s"
"939","1","3","439","1","s"
"940","1","3","440","1","s"
"941","1","3","441","0","s"
"942","1","3","442","0","s"
"943","1","3","443","0","s"
"944","1","3","444","1","s"
"945","1","3","445","0","s"
"946","1","3","446","1","s"
"947","1","3","447","0","s"
"948","1","3","448","1","s"
"949","1","3","449","0","s"
"950","1","3","450","1","s"
"951","1","3","451","0","s"
"952","1","3","452","1","s"
"953","1","3","453","1","s"
"954","1","3","454","1","s"
"955","1","3","455","1","s"
"956","1","3","456","0","s"
"957","1","3","457","0","s"
"958","1","3","458","0","s"
"959","1","3","459","0","s"
"960","1","3","460","1","s"
"961","1","3","461","0","s"
"962","1","3","462","0","s"
"963","1","3","463","0","s"
"964","1","3","464","0","s"
"965","1","3","465","1","s"
"966","1","3","466","1","s"
"967","1","3","467","1","s"
"968","1","3","468","1","s"
"969","1","3","469","0","s"
"970","1","3","470","0","s"
"971","1","3","471","0","s"
"972","1","3","472","0","s"
"973","1","3","473","0","i"
"974","1","3","474","1","s"
"975","1","3","475","0","s"
"976","1","3","476","1","s"
"977","1","3","477","0","s"
"978","1","3","478","0","s"
"979","1","3","479","1","s"
"980","1","3","480","0","s"
"981","1","3","481","0","s"
"982","1","3","482","0","s"
"983","1","3","483","1","s"
"984","1","3","484","0","s"
"985","1","3","485","1","s"
"986","1","3","486","0","s"
"987","1","3","487","1","s"
"988","1","3","488","1","s"
"989","1","3","489","0","s"
"990","1","3","490","1","s"
"991","1","3","491","1","s"
"992","1","3","492","1","s"
"993","1","3","493","0","s"
"994","1","3","494","0","s"
"995","1","3","495","0","s"
"996","1","3","496","1","s"
"997","1","3","497","0","0"
"998","1","3","498","0","0"
"999","1","3","499","1","0"
"1000","1","3","500","0","0"
"1001","1","3","501","0","0"
"1002","1","5","1","0","s"
"1003","1","5","2","0","s"
"1004","1","5","3","1","s"
"1005","1","5","4","1","s"
"1006","1","5","5","0","s"
"1007","1","5","6","1","s"
"1008","1","5","7","1","s"
"1009","1","5","8","0","s"
"1010","1","5","9","1","s"
"1011","1","5","10","0","s"
"1012","1","5","11","0","s"
"1013","1","5","12","0","s"
"1014","1","5","13","0","s"
"1015","1","5","14","0","s"
"1016","1","5","15","1","s"
"1017","1","5","16","1","s"
"1018","1","5","17","1","s"
"1019","1","5","18","0","s"
"1020","1","5","19","1","s"
"1021","1","5","20","1","s"
"1022","1","5","21","1","s"
"1023","1","5","22","0","s"
"1024","1","5","23","0","s"
"1025","1","5","24","1","s"
"1026","1","5","25","1","s"
"1027","1","5","26","0","s"
"1028","1","5","27","1","s"
"1029","1","5","28","0","s"
"1030","1","5","29","0","s"
"1031","1","5","30","0","s"
"1032","1","5","31","1","s"
"1033","1","5","32","0","s"
"1034","1","5","33","0","s"
"1035","1","5","34","0","s"
"1036","1","5","35","1","s"
"1037","1","5","36","0","s"
"1038","1","5","37","0","s"
"1039","1","5","38","1","s"
"1040","1","5","39","1","s"
"1041","1","5","40","0","s"
"1042","1","5","41","0","s"
"1043","1","5","42","1","s"
"1044","1","5","43","0","s"
"1045","1","5","44","1","s"
"1046","1","5","45","1","s"
"1047","1","5","46","1","s"
"1048","1","5","47","0","s"
"1049","1","5","48","0","s"
"1050","1","5","49","0","s"
"1051","1","5","50","1","s"
"1052","1","5","51","1","s"
"1053","1","5","52","1","s"
"1054","1","5","53","0","s"
"1055","1","5","54","0","s"
"1056","1","5","55","0","s"
"1057","1","5","56","0","s"
"1058","1","5","57","0","s"
"1059","1","5","58","0","s"
"1060","1","5","59","1","s"
"1061","1","5","60","1","s"
"1062","1","5","61","1","s"
"1063","1","5","62","1","s"
"1064","1","5","63","0","i"
"1065","1","5","64","1","s"
"1066","1","5","65","0","s"
"1067","1","5","66","1","s"
"1068","1","5","67","1","s"
"1069","1","5","68","0","s"
"1070","1","5","69","1","s"
"1071","1","5","70","0","s"
"1072","1","5","71","0","s"
"1073","1","5","72","1","s"
"1074","1","5","73","1","s"
"1075","1","5","74","0","s"
"1076","1","5","75","1","s"
"1077","1","5","76","1","s"
"1078","1","5","77","1","s"
"1079","1","5","78","1","s"
"1080","1","5","79","1","s"
"1081","1","5","80","0","s"
"1082","1","5","81","0","s"
"1083","1","5","82","1","s"
"1084","1","5","83","1","s"
"1085","1","5","84","1","s"
"1086","1","5","85","0","s"
"1087","1","5","86","0","s"
"1088","1","5","87","1","s"
"1089","1","5","88","0","s"
"1090","1","5","89","1","s"
"1091","1","5","90","0","s"
"1092","1","5","91","1","i"
"1093","1","5","92","0","s"
"1094","1","5","93","1","s"
"1095","1","5","94","0","s"
"1096","1","5","95","0","s"
"1097","1","5","96","1","s"
"1098","1","5","97","1","s"
"1099","1","5","98","1","s"
"1100","1","5","99","1","s"
"1101","1","5","100","0","s"
"1102","1","5","101","0","s"
"1103","1","5","102","1","s"
"1104","1","5","103","0","s"
"1105","1","5","104","0","s"
"1106","1","5","105","1","s"
"1107","1","5","106","0","s"
"1108","1","5","107","1","i"
"1109","1","5","108","1","s"
"1110","1","5","109","0","s"
"1111","1","5","110","0","s"
"1112","1","5","111","1","s"
"1113","1","5","112","0","s"
"1114","1","5","113","1","s"
"1115","1","5","114","0","s"
"1116","1","5","115","1","s"
"1117","1","5","116","0","s"
"1118","1","5","117","1","s"
"1119","1","5","118","1","s"
"1120","1","5","119","0","s"
"1121","1","5","120","1","s"
"1122","1","5","121","1","s"
"1123","1","5","122","1","s"
"1124","1","5","123","1","s"
"1125","1","5","124","0","s"
"1126","1","5","125","1","i"
"1127","1","5","126","0","s"
"1128","1","5","127","1","s"
"1129","1","5","128","1","s"
"1130","1","5","129","1","s"
"1131","1","5","130","0","s"
"1132","1","5","131","0","s"
"1133","1","5","132","1","s"
"1134","1","5","133","1","s"
"1135","1","5","134","1","s"
"1136","1","5","135","1","s"
"1137","1","5","136","1","s"
"1138","1","5","137","0","s"
"1139","1","5","138","1","s"
"1140","1","5","139","1","s"
"1141","1","5","140","1","s"
"1142","1","5","141","0","s"
"1143","1","5","142","1","s"
"1144","1","5","143","1","s"
"1145","1","5","144","1","s"
"1146","1","5","145","0","s"
"1147","1","5","146","0","s"
"1148","1","5","147","0","s"
"1149","1","5","148","1","s"
"1150","1","5","149","1","i"
"1151","1","5","150","1","s"
"1152","1","5","151","0","s"
"1153","1","5","152","0","s"
"1154","1","5","153","1","s"
"1155","1","5","154","0","s"
"1156","1","5","155","0","s"
"1157","1","5","156","1","s"
"1158","1","5","157","0","s"
"1159","1","5","158","1","s"
"1160","1","5","159","1","s"
"1161","1","5","160","1","s"
"1162","1","5","161","1","s"
"1163","1","5","162","1","s"
"1164","1","5","163","0","s"
"1165","1","5","164","1","s"
"1166","1","5","165","0","s"
"1167","1","5","166","0","s"
"1168","1","5","167","1","s"
"1169","1","5","168","1","s"
"1170","1","5","169","0","s"
"1171","1","5","170","1","s"
"1172","1","5","171","1","s"
"1173","1","5","172","1","s"
"1174","1","5","173","0","s"
"1175","1","5","174","1","s"
"1176","1","5","175","1","s"
"1177","1","5","176","0","s"
"1178","1","5","177","0","s"
"1179","1","5","178","0","s"
"1180","1","5","179","1","s"
"1181","1","5","180","1","s"
"1182","1","5","181","0","s"
"1183","1","5","182","0","s"
"1184","1","5","183","1","s"
"1185","1","5","184","0","s"
"1186","1","5","185","0","i"
"1187","1","5","186","0","s"
"1188","1","5","187","0","s"
"1189","1","5","188","1","s"
"1190","1","5","189","0","s"
"1191","1","5","190","1","s"
"1192","1","5","191","1","s"
"1193","1","5","192","0","s"
"1194","1","5","193","0","s"
"1195","1","5","194","1","s"
"1196","1","5","195","1","s"
"1197","1","5","196","1","s"
"1198","1","5","197","1","s"
"1199","1","5","198","1","s"
"1200","1","5","199","1","s"
"1201","1","5","200","1","s"
"1202","1","5","201","1","s"
"1203","1","5","202","1","s"
"1204","1","5","203","0","s"
"1205","1","5","204","1","i"
"1206","1","5","205","1","s"
"1207","1","5","206","0","s"
"1208","1","5","207","0","s"
"1209","1","5","208","1","s"
"1210","1","5","209","1","s"
"1211","1","5","210","1","s"
"1212","1","5","211","0","s"
"1213","1","5","212","1","s"
"1214","1","5","213","0","s"
"1215","1","5","214","0","s"
"1216","1","5","215","0","s"
"1217","1","5","216","0","s"
"1218","1","5","217","0","s"
"1219","1","5","218","0","s"
"1220","1","5","219","0","s"
"1221","1","5","220","0","s"
"1222","1","5","221","1","s"
"1223","1","5","222","1","s"
"1224","1","5","223","0","s"
"1225","1","5","224","1","s"
"1226","1","5","225","1","s"
"1227","1","5","226","1","s"
"1228","1","5","227","0","s"
"1229","1","5","228","1","s"
"1230","1","5","229","1","s"
"1231","1","5","230","1","s"
"1232","1","5","231","1","s"
"1233","1","5","232","0","s"
"1234","1","5","233","0","s"
"1235","1","5","234","0","s"
"1236","1","5","235","0","s"
"1237","1","5","236","1","s"
"1238","1","5","237","1","s"
"1239","1","5","238","0","s"
"1240","1","5","239","1","s"
"1241","1","5","240","1","s"
"1242","1","5","241","0","s"
"1243","1","5","242","1","s"
"1244","1","5","243","0","s"
"1245","1","5","244","1","s"
"1246","1","5","245","1","s"
"1247","1","5","246","0","s"
"1248","1","5","247","1","s"
"1249","1","5","248","0","s"
"1250","1","5","249","1","s"
"1251","1","5","250","0","s"
"1252","1","5","251","1","s"
"1253","1","5","252","1","s"
"1254","1","5","253","0","s"
"1255","1","5","254","1","s"
"1256","1","5","255","1","s"
"1257","1","5","256","1","s"
"1258","1","5","257","0","s"
"1259","1","5","258","0","s"
"1260","1","5","259","0","s"
"1261","1","5","260","0","s"
"1262","1","5","261","0","s"
"1263","1","5","262","0","s"
"1264","1","5","263","0","s"
"1265","1","5","264","0","s"
"1266","1","5","265","0","s"
"1267","1","5","266","1","s"
"1268","1","5","267","0","s"
"1269","1","5","268","1","s"
"1270","1","5","269","1","s"
"1271","1","5","270","1","s"
"1272","1","5","271","0","s"
"1273","1","5","272","0","s"
"1274","1","5","273","0","s"
"1275","1","5","274","1","i"
"1276","1","5","275","1","s"
"1277","1","5","276","0","s"
"1278","1","5","277","1","s"
"1279","1","5","278","0","s"
"1280","1","5","279","0","s"
"1281","1","5","280","0","s"
"1282","1","5","281","0","s"
"1283","1","5","282","1","s"
"1284","1","5","283","0","s"
"1285","1","5","284","1","s"
"1286","1","5","285","1","s"
"1287","1","5","286","0","s"
"1288","1","5","287","0","s"
"1289","1","5","288","1","s"
"1290","1","5","289","0","s"
"1291","1","5","290","1","s"
"1292","1","5","291","1","s"
"1293","1","5","292","1","s"
"1294","1","5","293","0","s"
"1295","1","5","294","1","s"
"1296","1","5","295","0","s"
"1297","1","5","296","0","s"
"1298","1","5","297","0","s"
"1299","1","5","298","1","s"
"1300","1","5","299","0","s"
"1301","1","5","300","1","s"
"1302","1","5","301","0","s"
"1303","1","5","302","0","s"
"1304","1","5","303","0","s"
"1305","1","5","304","0","s"
"1306","1","5","305","0","s"
"1307","1","5","306","0","s"
"1308","1","5","307","0","s"
"1309","1","5","308","0","s"
"1310","1","5","309","1","s"
"1311","1","5","310","1","i"
"1312","1","5","311","1","s"
"1313","1","5","312","0","s"
"1314","1","5","313","0","s"
"1315","1","5","314","1","s"
"1316","1","5","315","1","s"
"1317","1","5","316","0","s"
"1318","1","5","317","0","s"
"1319","1","5","318","1","s"
"1320","1","5","319","1","s"
"1321","1","5","320","0","s"
"1322","1","5","321","1","s"
"1323","1","5","322","0","s"
"1324","1","5","323","0","s"
"1325","1","5","324","1","s"
"1326","1","5","325","0","s"
"1327","1","5","326","1","s"
"1328","1","5","327","1","s"
"1329","1","5","328","1","s"
"1330","1","5","329","1","s"
"1331","1","5","330","0","s"
"1332","1","5","331","0","s"
"1333","1","5","332","0","s"
"1334","1","5","333","1","s"
"1335","1","5","334","0","s"
"1336","1","5","335","1","s"
"1337","1","5","336","0","s"
"1338","1","5","337","1","s"
"1339","1","5","338","1","s"
"1340","1","5","339","1","s"
"1341","1","5","340","0","s"
"1342","1","5","341","0","s"
"1343","1","5","342","0","s"
"1344","1","5","343","1","s"
"1345","1","5","344","0","s"
"1346","1","5","345","0","s"
"1347","1","5","346","0","s"
"1348","1","5","347","0","s"
"1349","1","5","348","1","s"
"1350","1","5","349","1","s"
"1351","1","5","350","0","s"
"1352","1","5","351","0","s"
"1353","1","5","352","0","s"
"1354","1","5","353","1","s"
"1355","1","5","354","1","s"
"1356","1","5","355","1","s"
"1357","1","5","356","1","s"
"1358","1","5","357","1","s"
"1359","1","5","358","1","s"
"1360","1","5","359","1","s"
"1361","1","5","360","0","s"
"1362","1","5","361","0","s"
"1363","1","5","362","1","s"
"1364","1","5","363","0","s"
"1365","1","5","364","0","s"
"1366","1","5","365","1","s"
"1367","1","5","366","1","s"
"1368","1","5","367","1","s"
"1369","1","5","368","1","s"
"1370","1","5","369","0","s"
"1371","1","5","370","1","s"
"1372","1","5","371","0","s"
"1373","1","5","372","1","s"
"1374","1","5","373","0","s"
"1375","1","5","374","1","s"
"1376","1","5","375","0","s"
"1377","1","5","376","1","s"
"1378","1","5","377","0","s"
"1379","1","5","378","0","s"
"1380","1","5","379","1","s"
"1381","1","5","380","0","s"
"1382","1","5","381","1","s"
"1383","1","5","382","0","s"
"1384","1","5","383","0","s"
"1385","1","5","384","0","s"
"1386","1","5","385","0","s"
"1387","1","5","386","0","s"
"1388","1","5","387","0","s"
"1389","1","5","388","1","s"
"1390","1","5","389","0","s"
"1391","1","5","390","1","s"
"1392","1","5","391","0","s"
"1393","1","5","392","1","s"
"1394","1","5","393","1","s"
"1395","1","5","394","0","s"
"1396","1","5","395","0","s"
"1397","1","5","396","1","s"
"1398","1","5","397","0","s"
"1399","1","5","398","1","s"
"1400","1","5","399","1","s"
"1401","1","5","400","1","s"
"1402","1","5","401","0","s"
"1403","1","5","402","1","s"
"1404","1","5","403","0","s"
"1405","1","5","404","0","s"
"1406","1","5","405","0","s"
"1407","1","5","406","0","s"
"1408","1","5","407","1","s"
"1409","1","5","408","1","s"
"1410","1","5","409","0","s"
"1411","1","5","410","1","s"
"1412","1","5","411","1","s"
"1413","1","5","412","1","s"
"1414","1","5","413","1","s"
"1415","1","5","414","1","s"
"1416","1","5","415","0","s"
"1417","1","5","416","0","s"
"1418","1","5","417","1","s"
"1419","1","5","418","1","s"
"1420","1","5","419","1","s"
"1421","1","5","420","0","s"
"1422","1","5","421","0","s"
"1423","1","5","422","0","s"
"1424","1","5","423","0","i"
"1425","1","5","424","1","s"
"1426","1","5","425","1","s"
"1427","1","5","426","0","s"
"1428","1","5","427","0","s"
"1429","1","5","428","0","s"
"1430","1","5","429","0","s"
"1431","1","5","430","0","s"
"1432","1","5","431","1","s"
"1433","1","5","432","1","s"
"1434","1","5","433","0","s"
"1435","1","5","434","0","s"
"1436","1","5","435","1","s"
"1437","1","5","436","0","s"
"1438","1","5","437","1","s"
"1439","1","5","438","1","s"
"1440","1","5","439","1","s"
"1441","1","5","440","0","s"
"1442","1","5","441","0","s"
"1443","1","5","442","0","s"
"1444","1","5","443","1","s"
"1445","1","5","444","0","s"
"1446","1","5","445","1","s"
"1447","1","5","446","0","s"
"1448","1","5","447","1","s"
"1449","1","5","448","0","s"
"1450","1","5","449","1","s"
"1451","1","5","450","0","s"
"1452","1","5","451","1","s"
"1453","1","5","452","1","s"
"1454","1","5","453","1","s"
"1455","1","5","454","1","s"
"1456","1","5","455","0","s"
"1457","1","5","456","0","s"
"1458","1","5","457","0","s"
"1459","1","5","458","0","s"
"1460","1","5","459","1","s"
"1461","1","5","460","0","s"
"1462","1","5","461","0","s"
"1463","1","5","462","0","s"
"1464","1","5","463","0","s"
"1465","1","5","464","1","s"
"1466","1","5","465","1","s"
"1467","1","5","466","1","s"
"1468","1","5","467","1","s"
"1469","1","5","468","0","s"
"1470","1","5","469","0","s"
"1471","1","5","470","0","s"
"1472","1","5","471","0","s"
"1473","1","5","472","0","i"
"1474","1","5","473","1","s"
"1475","1","5","474","0","s"
"1476","1","5","475","1","s"
"1477","1","5","476","0","s"
"1478","1","5","477","0","s"
"1479","1","5","478","1","s"
"1480","1","5","479","0","s"
"1481","1","5","480","0","s"
"1482","1","5","481","0","s"
"1483","1","5","482","1","s"
"1484","1","5","483","0","s"
"1485","1","5","484","1","s"
"1486","1","5","485","0","s"
"1487","1","5","486","1","s"
"1488","1","5","487","1","s"
"1489","1","5","488","0","s"
"1490","1","5","489","1","s"
"1491","1","5","490","1","s"
"1492","1","5","491","1","s"
"1493","1","5","492","0","s"
"1494","1","5","493","0","s"
"1495","1","5","494","0","s"
"1496","1","5","495","1","s"
"1497","1","5","496","0","0"
"1498","1","5","497","0","0"
"1499","1","5","498","1","0"
"1500","1","5","499","0","0"
"1501","1","5","500","0","0"
"1502","1","5","501","0","0"
"1503","1","5","502","1","0"
"1504","1","5","503","1","0"
"1505","1","5","504","0","0"
"1506","1","7","1","0","s"
"1507","1","7","2","0","s"
"1508","1","7","3","1","s"
"1509","1","7","4","1","s"
"1510","1","7","5","0","s"
"1511","1","7","6","1","s"
"1512","1","7","7","1","s"
"1513","1","7","8","0","s"
"1514","1","7","9","1","s"
"1515","1","7","10","0","s"
"1516","1","7","11","0","s"
"1517","1","7","12","0","s"
"1518","1","7","13","0","s"
"1519","1","7","14","0","s"
"1520","1","7","15","1","s"
"1521","1","7","16","1","s"
"1522","1","7","17","1","s"
"1523","1","7","18","0","s"
"1524","1","7","19","1","s"
"1525","1","7","20","1","s"
"1526","1","7","21","1","s"
"1527","1","7","22","0","s"
"1528","1","7","23","0","s"
"1529","1","7","24","1","s"
"1530","1","7","25","1","s"
"1531","1","7","26","0","s"
"1532","1","7","27","1","s"
"1533","1","7","28","0","s"
"1534","1","7","29","0","s"
"1535","1","7","30","0","s"
"1536","1","7","31","1","s"
"1537","1","7","32","0","s"
"1538","1","7","33","0","s"
"1539","1","7","34","0","s"
"1540","1","7","35","1","s"
"1541","1","7","36","0","s"
"1542","1","7","37","0","s"
"1543","1","7","38","1","s"
"1544","1","7","39","1","s"
"1545","1","7","40","0","s"
"1546","1","7","41","0","s"
"1547","1","7","42","1","s"
"1548","1","7","43","0","s"
"1549","1","7","44","1","s"
"1550","1","7","45","1","s"
"1551","1","7","46","1","s"
"1552","1","7","47","0","s"
"1553","1","7","48","0","s"
"1554","1","7","49","0","s"
"1555","1","7","50","1","s"
"1556","1","7","51","1","s"
"1557","1","7","52","0","s"
"1558","1","7","53","0","s"
"1559","1","7","54","0","s"
"1560","1","7","55","0","s"
"1561","1","7","56","0","s"
"1562","1","7","57","0","s"
"1563","1","7","58","1","s"
"1564","1","7","59","1","s"
"1565","1","7","60","1","s"
"1566","1","7","61","1","s"
"1567","1","7","62","0","i"
"1568","1","7","63","1","s"
"1569","1","7","64","0","s"
"1570","1","7","65","1","s"
"1571","1","7","66","1","s"
"1572","1","7","67","0","s"
"1573","1","7","68","1","s"
"1574","1","7","69","0","s"
"1575","1","7","70","0","s"
"1576","1","7","71","1","s"
"1577","1","7","72","1","s"
"1578","1","7","73","0","s"
"1579","1","7","74","1","s"
"1580","1","7","75","1","s"
"1581","1","7","76","1","s"
"1582","1","7","77","1","s"
"1583","1","7","78","1","s"
"1584","1","7","79","0","s"
"1585","1","7","80","0","s"
"1586","1","7","81","1","s"
"1587","1","7","82","1","s"
"1588","1","7","83","1","s"
"1589","1","7","84","0","s"
"1590","1","7","85","0","s"
"1591","1","7","86","1","s"
"1592","1","7","87","0","s"
"1593","1","7","88","1","s"
"1594","1","7","89","0","s"
"1595","1","7","90","1","i"
"1596","1","7","91","0","s"
"1597","1","7","92","1","s"
"1598","1","7","93","0","s"
"1599","1","7","94","0","s"
"1600","1","7","95","1","s"
"1601","1","7","96","1","s"
"1602","1","7","97","1","s"
"1603","1","7","98","1","s"
"1604","1","7","99","0","s"
"1605","1","7","100","0","s"
"1606","1","7","101","1","s"
"1607","1","7","102","0","s"
"1608","1","7","103","0","s"
"1609","1","7","104","1","s"
"1610","1","7","105","0","s"
"1611","1","7","106","1","i"
"1612","1","7","107","1","s"
"1613","1","7","108","0","s"
"1614","1","7","109","0","s"
"1615","1","7","110","1","s"
"1616","1","7","111","0","s"
"1617","1","7","112","1","s"
"1618","1","7","113","0","s"
"1619","1","7","114","1","s"
"1620","1","7","115","0","s"
"1621","1","7","116","1","s"
"1622","1","7","117","1","s"
"1623","1","7","118","0","s"
"1624","1","7","119","1","s"
"1625","1","7","120","1","s"
"1626","1","7","121","1","s"
"1627","1","7","122","1","s"
"1628","1","7","123","0","s"
"1629","1","7","124","1","i"
"1630","1","7","125","0","s"
"1631","1","7","126","1","s"
"1632","1","7","127","1","s"
"1633","1","7","128","1","s"
"1634","1","7","129","0","s"
"1635","1","7","130","0","s"
"1636","1","7","131","1","s"
"1637","1","7","132","1","s"
"1638","1","7","133","1","s"
"1639","1","7","134","1","s"
"1640","1","7","135","1","s"
"1641","1","7","136","0","s"
"1642","1","7","137","1","s"
"1643","1","7","138","1","s"
"1644","1","7","139","1","s"
"1645","1","7","140","0","s"
"1646","1","7","141","1","s"
"1647","1","7","142","1","s"
"1648","1","7","143","1","s"
"1649","1","7","144","0","s"
"1650","1","7","145","0","s"
"1651","1","7","146","0","s"
"1652","1","7","147","1","s"
"1653","1","7","148","1","i"
"1654","1","7","149","1","s"
"1655","1","7","150","0","s"
"1656","1","7","151","0","s"
"1657","1","7","152","1","s"
"1658","1","7","153","0","s"
"1659","1","7","154","0","s"
"1660","1","7","155","1","s"
"1661","1","7","156","0","s"
"1662","1","7","157","1","s"
"1663","1","7","158","1","s"
"1664","1","7","159","1","s"
"1665","1","7","160","1","s"
"1666","1","7","161","1","s"
"1667","1","7","162","0","s"
"1668","1","7","163","1","s"
"1669","1","7","164","0","s"
"1670","1","7","165","0","s"
"1671","1","7","166","1","s"
"1672","1","7","167","1","s"
"1673","1","7","168","0","s"
"1674","1","7","169","1","s"
"1675","1","7","170","1","s"
"1676","1","7","171","1","s"
"1677","1","7","172","0","s"
"1678","1","7","173","1","s"
"1679","1","7","174","1","s"
"1680","1","7","175","0","s"
"1681","1","7","176","0","s"
"1682","1","7","177","0","s"
"1683","1","7","178","1","s"
"1684","1","7","179","1","s"
"1685","1","7","180","0","s"
"1686","1","7","181","0","s"
"1687","1","7","182","1","s"
"1688","1","7","183","0","s"
"1689","1","7","184","0","i"
"1690","1","7","185","0","s"
"1691","1","7","186","0","s"
"1692","1","7","187","1","s"
"1693","1","7","188","0","s"
"1694","1","7","189","1","s"
"1695","1","7","190","1","s"
"1696","1","7","191","0","s"
"1697","1","7","192","0","s"
"1698","1","7","193","1","s"
"1699","1","7","194","1","s"
"1700","1","7","195","1","s"
"1701","1","7","196","1","s"
"1702","1","7","197","1","s"
"1703","1","7","198","1","s"
"1704","1","7","199","1","s"
"1705","1","7","200","1","s"
"1706","1","7","201","1","s"
"1707","1","7","202","0","s"
"1708","1","7","203","1","i"
"1709","1","7","204","1","s"
"1710","1","7","205","0","s"
"1711","1","7","206","0","s"
"1712","1","7","207","1","s"
"1713","1","7","208","1","s"
"1714","1","7","209","1","s"
"1715","1","7","210","0","s"
"1716","1","7","211","1","s"
"1717","1","7","212","0","s"
"1718","1","7","213","0","s"
"1719","1","7","214","0","s"
"1720","1","7","215","0","s"
"1721","1","7","216","0","s"
"1722","1","7","217","0","s"
"1723","1","7","218","0","s"
"1724","1","7","219","0","s"
"1725","1","7","220","1","s"
"1726","1","7","221","1","s"
"1727","1","7","222","0","s"
"1728","1","7","223","1","s"
"1729","1","7","224","1","s"
"1730","1","7","225","1","s"
"1731","1","7","226","0","s"
"1732","1","7","227","1","s"
"1733","1","7","228","1","s"
"1734","1","7","229","1","s"
"1735","1","7","230","1","s"
"1736","1","7","231","0","s"
"1737","1","7","232","0","s"
"1738","1","7","233","0","s"
"1739","1","7","234","0","s"
"1740","1","7","235","1","s"
"1741","1","7","236","1","s"
"1742","1","7","237","0","s"
"1743","1","7","238","1","s"
"1744","1","7","239","1","s"
"1745","1","7","240","0","s"
"1746","1","7","241","1","s"
"1747","1","7","242","0","s"
"1748","1","7","243","1","s"
"1749","1","7","244","1","s"
"1750","1","7","245","0","s"
"1751","1","7","246","1","s"
"1752","1","7","247","0","s"
"1753","1","7","248","1","s"
"1754","1","7","249","0","s"
"1755","1","7","250","1","s"
"1756","1","7","251","1","s"
"1757","1","7","252","0","s"
"1758","1","7","253","1","s"
"1759","1","7","254","1","s"
"1760","1","7","255","1","s"
"1761","1","7","256","0","s"
"1762","1","7","257","0","s"
"1763","1","7","258","0","s"
"1764","1","7","259","0","s"
"1765","1","7","260","0","s"
"1766","1","7","261","0","s"
"1767","1","7","262","0","s"
"1768","1","7","263","0","s"
"1769","1","7","264","0","s"
"1770","1","7","265","1","s"
"1771","1","7","266","0","s"
"1772","1","7","267","1","s"
"1773","1","7","268","1","s"
"1774","1","7","269","1","s"
"1775","1","7","270","0","s"
"1776","1","7","271","0","s"
"1777","1","7","272","0","s"
"1778","1","7","273","1","i"
"1779","1","7","274","1","s"
"1780","1","7","275","0","s"
"1781","1","7","276","1","s"
"1782","1","7","277","0","s"
"1783","1","7","278","0","s"
"1784","1","7","279","0","s"
"1785","1","7","280","0","s"
"1786","1","7","281","1","i"
"1787","1","7","282","0","s"
"1788","1","7","283","1","s"
"1789","1","7","284","1","s"
"1790","1","7","285","0","s"
"1791","1","7","286","0","s"
"1792","1","7","287","1","s"
"1793","1","7","288","0","s"
"1794","1","7","289","1","s"
"1795","1","7","290","1","i"
"1796","1","7","291","1","s"
"1797","1","7","292","0","s"
"1798","1","7","293","1","s"
"1799","1","7","294","0","s"
"1800","1","7","295","0","s"
"1801","1","7","296","0","s"
"1802","1","7","297","1","s"
"1803","1","7","298","0","s"
"1804","1","7","299","1","s"
"1805","1","7","300","0","s"
"1806","1","7","301","0","s"
"1807","1","7","302","0","s"
"1808","1","7","303","0","s"
"1809","1","7","304","0","s"
"1810","1","7","305","0","s"
"1811","1","7","306","0","s"
"1812","1","7","307","0","s"
"1813","1","7","308","1","s"
"1814","1","7","309","1","i"
"1815","1","7","310","1","s"
"1816","1","7","311","0","s"
"1817","1","7","312","0","s"
"1818","1","7","313","1","s"
"1819","1","7","314","1","s"
"1820","1","7","315","0","s"
"1821","1","7","316","0","s"
"1822","1","7","317","1","s"
"1823","1","7","318","1","s"
"1824","1","7","319","0","s"
"1825","1","7","320","1","s"
"1826","1","7","321","0","s"
"1827","1","7","322","0","s"
"1828","1","7","323","1","s"
"1829","1","7","324","0","s"
"1830","1","7","325","1","s"
"1831","1","7","326","1","s"
"1832","1","7","327","1","s"
"1833","1","7","328","1","s"
"1834","1","7","329","0","s"
"1835","1","7","330","0","s"
"1836","1","7","331","0","s"
"1837","1","7","332","1","s"
"1838","1","7","333","0","s"
"1839","1","7","334","1","s"
"1840","1","7","335","0","s"
"1841","1","7","336","1","s"
"1842","1","7","337","1","s"
"1843","1","7","338","1","s"
"1844","1","7","339","0","s"
"1845","1","7","340","0","s"
"1846","1","7","341","0","s"
"1847","1","7","342","1","s"
"1848","1","7","343","0","s"
"1849","1","7","344","0","s"
"1850","1","7","345","0","s"
"1851","1","7","346","0","s"
"1852","1","7","347","1","s"
"1853","1","7","348","1","s"
"1854","1","7","349","0","s"
"1855","1","7","350","0","s"
"1856","1","7","351","0","s"
"1857","1","7","352","1","s"
"1858","1","7","353","1","s"
"1859","1","7","354","1","s"
"1860","1","7","355","1","s"
"1861","1","7","356","1","s"
"1862","1","7","357","1","s"
"1863","1","7","358","1","s"
"1864","1","7","359","0","s"
"1865","1","7","360","0","s"
"1866","1","7","361","1","s"
"1867","1","7","362","0","s"
"1868","1","7","363","0","s"
"1869","1","7","364","1","s"
"1870","1","7","365","1","s"
"1871","1","7","366","1","s"
"1872","1","7","367","1","s"
"1873","1","7","368","0","s"
"1874","1","7","369","1","s"
"1875","1","7","370","0","s"
"1876","1","7","371","1","s"
"1877","1","7","372","0","s"
"1878","1","7","373","1","s"
"1879","1","7","374","0","s"
"1880","1","7","375","1","s"
"1881","1","7","376","0","s"
"1882","1","7","377","0","s"
"1883","1","7","378","1","s"
"1884","1","7","379","0","s"
"1885","1","7","380","1","s"
"1886","1","7","381","0","s"
"1887","1","7","382","0","s"
"1888","1","7","383","0","s"
"1889","1","7","384","0","s"
"1890","1","7","385","0","s"
"1891","1","7","386","0","s"
"1892","1","7","387","1","s"
"1893","1","7","388","0","s"
"1894","1","7","389","1","s"
"1895","1","7","390","0","s"
"1896","1","7","391","1","s"
"1897","1","7","392","1","s"
"1898","1","7","393","0","s"
"1899","1","7","394","0","s"
"1900","1","7","395","1","s"
"1901","1","7","396","0","s"
"1902","1","7","397","1","s"
"1903","1","7","398","1","s"
"1904","1","7","399","1","s"
"1905","1","7","400","0","s"
"1906","1","7","401","1","s"
"1907","1","7","402","0","s"
"1908","1","7","403","0","s"
"1909","1","7","404","0","s"
"1910","1","7","405","0","s"
"1911","1","7","406","1","s"
"1912","1","7","407","1","s"
"1913","1","7","408","0","s"
"1914","1","7","409","1","s"
"1915","1","7","410","1","s"
"1916","1","7","411","1","s"
"1917","1","7","412","1","s"
"1918","1","7","413","1","s"
"1919","1","7","414","0","s"
"1920","1","7","415","0","s"
"1921","1","7","416","1","s"
"1922","1","7","417","1","s"
"1923","1","7","418","1","s"
"1924","1","7","419","0","s"
"1925","1","7","420","0","s"
"1926","1","7","421","0","s"
"1927","1","7","422","0","i"
"1928","1","7","423","1","s"
"1929","1","7","424","1","s"
"1930","1","7","425","0","s"
"1931","1","7","426","0","s"
"1932","1","7","427","0","s"
"1933","1","7","428","0","s"
"1934","1","7","429","0","s"
"1935","1","7","430","1","s"
"1936","1","7","431","1","s"
"1937","1","7","432","0","s"
"1938","1","7","433","0","s"
"1939","1","7","434","1","s"
"1940","1","7","435","0","s"
"1941","1","7","436","1","s"
"1942","1","7","437","1","s"
"1943","1","7","438","1","s"
"1944","1","7","439","0","s"
"1945","1","7","440","0","s"
"1946","1","7","441","0","s"
"1947","1","7","442","1","s"
"1948","1","7","443","0","s"
"1949","1","7","444","1","s"
"1950","1","7","445","0","s"
"1951","1","7","446","1","s"
"1952","1","7","447","0","s"
"1953","1","7","448","1","s"
"1954","1","7","449","0","s"
"1955","1","7","450","1","s"
"1956","1","7","451","1","s"
"1957","1","7","452","1","s"
"1958","1","7","453","1","s"
"1959","1","7","454","0","s"
"1960","1","7","455","0","s"
"1961","1","7","456","0","s"
"1962","1","7","457","0","s"
"1963","1","7","458","1","s"
"1964","1","7","459","0","s"
"1965","1","7","460","0","s"
"1966","1","7","461","0","s"
"1967","1","7","462","0","s"
"1968","1","7","463","1","s"
"1969","1","7","464","1","s"
"1970","1","7","465","1","s"
"1971","1","7","466","1","s"
"1972","1","7","467","0","s"
"1973","1","7","468","0","s"
"1974","1","7","469","0","s"
"1975","1","7","470","0","s"
"1976","1","7","471","0","i"
"1977","1","7","472","1","s"
"1978","1","7","473","0","s"
"1979","1","7","474","1","s"
"1980","1","7","475","0","s"
"1981","1","7","476","0","s"
"1982","1","7","477","1","s"
"1983","1","7","478","0","s"
"1984","1","7","479","0","s"
"1985","1","7","480","0","s"
"1986","1","7","481","1","s"
"1987","1","7","482","0","s"
"1988","1","7","483","1","s"
"1989","1","7","484","0","s"
"1990","1","7","485","1","s"
"1991","1","7","486","1","s"
"1992","1","7","487","0","s"
"1993","1","7","488","1","s"
"1994","1","7","489","1","s"
"1995","1","7","490","1","s"
"1996","1","7","491","0","s"
"1997","1","7","492","0","s"
"1998","1","7","493","0","s"
"1999","1","7","494","1","s"
"2000","1","7","495","0","0"
"2001","1","7","496","0","0"
"2002","1","7","497","1","0"
"2003","1","7","498","0","0"
"2004","1","7","499","0","0"
"2005","1","7","500","0","0"
"2006","1","7","501","1","0"
"2007","1","7","502","1","0"
"2008","1","7","503","0","0"
"2009","1","9","1","0","s"
"2010","1","9","2","0","s"
"2011","1","9","3","1","s"
"2012","1","9","4","1","s"
"2013","1","9","5","0","s"
"2014","1","9","6","1","s"
"2015","1","9","7","1","s"
"2016","1","9","8","0","s"
"2017","1","9","9","1","s"
"2018","1","9","10","0","s"
"2019","1","9","11","0","s"
"2020","1","9","12","0","s"
"2021","1","9","13","0","s"
"2022","1","9","14","0","s"
"2023","1","9","15","1","s"
"2024","1","9","16","1","s"
"2025","1","9","17","1","s"
"2026","1","9","18","0","s"
"2027","1","9","19","1","s"
"2028","1","9","20","1","s"
"2029","1","9","21","1","s"
"2030","1","9","22","0","s"
"2031","1","9","23","0","s"
"2032","1","9","24","1","s"
"2033","1","9","25","1","s"
"2034","1","9","26","0","s"
"2035","1","9","27","1","s"
"2036","1","9","28","0","s"
"2037","1","9","29","0","s"
"2038","1","9","30","0","s"
"2039","1","9","31","1","s"
"2040","1","9","32","0","s"
"2041","1","9","33","0","s"
"2042","1","9","34","0","s"
"2043","1","9","35","1","s"
"2044","1","9","36","0","s"
"2045","1","9","37","0","s"
"2046","1","9","38","1","s"
"2047","1","9","39","1","s"
"2048","1","9","40","0","s"
"2049","1","9","41","0","s"
"2050","1","9","42","1","s"
"2051","1","9","43","0","s"
"2052","1","9","44","1","s"
"2053","1","9","45","1","s"
"2054","1","9","46","1","s"
"2055","1","9","47","0","s"
"2056","1","9","48","0","s"
"2057","1","9","49","0","s"
"2058","1","9","50","1","s"
"2059","1","9","51","1","s"
"2060","1","9","52","0","s"
"2061","1","9","53","0","s"
"2062","1","9","54","0","s"
"2063","1","9","55","0","s"
"2064","1","9","56","0","s"
"2065","1","9","57","0","s"
"2066","1","9","58","1","s"
"2067","1","9","59","1","s"
"2068","1","9","60","1","s"
"2069","1","9","61","1","s"
"2070","1","9","62","0","i"
"2071","1","9","63","1","s"
"2072","1","9","64","0","s"
"2073","1","9","65","1","s"
"2074","1","9","66","1","s"
"2075","1","9","67","0","s"
"2076","1","9","68","1","s"
"2077","1","9","69","0","s"
"2078","1","9","70","0","s"
"2079","1","9","71","1","s"
"2080","1","9","72","1","s"
"2081","1","9","73","0","s"
"2082","1","9","74","1","s"
"2083","1","9","75","1","s"
"2084","1","9","76","1","s"
"2085","1","9","77","1","s"
"2086","1","9","78","1","s"
"2087","1","9","79","0","s"
"2088","1","9","80","0","s"
"2089","1","9","81","1","s"
"2090","1","9","82","1","s"
"2091","1","9","83","1","s"
"2092","1","9","84","0","s"
"2093","1","9","85","0","s"
"2094","1","9","86","1","s"
"2095","1","9","87","0","s"
"2096","1","9","88","1","s"
"2097","1","9","89","0","s"
"2098","1","9","90","1","i"
"2099","1","9","91","0","s"
"2100","1","9","92","1","s"
"2101","1","9","93","0","s"
"2102","1","9","94","0","s"
"2103","1","9","95","1","s"
"2104","1","9","96","1","s"
"2105","1","9","97","1","s"
"2106","1","9","98","0","s"
"2107","1","9","99","0","s"
"2108","1","9","100","1","s"
"2109","1","9","101","0","s"
"2110","1","9","102","0","s"
"2111","1","9","103","1","s"
"2112","1","9","104","0","s"
"2113","1","9","105","1","i"
"2114","1","9","106","1","s"
"2115","1","9","107","0","s"
"2116","1","9","108","0","s"
"2117","1","9","109","1","s"
"2118","1","9","110","0","s"
"2119","1","9","111","1","s"
"2120","1","9","112","0","s"
"2121","1","9","113","1","s"
"2122","1","9","114","0","s"
"2123","1","9","115","1","s"
"2124","1","9","116","1","s"
"2125","1","9","117","0","s"
"2126","1","9","118","1","s"
"2127","1","9","119","1","s"
"2128","1","9","120","1","s"
"2129","1","9","121","1","s"
"2130","1","9","122","0","s"
"2131","1","9","123","1","i"
"2132","1","9","124","0","s"
"2133","1","9","125","1","s"
"2134","1","9","126","1","s"
"2135","1","9","127","1","s"
"2136","1","9","128","0","s"
"2137","1","9","129","0","s"
"2138","1","9","130","1","s"
"2139","1","9","131","1","s"
"2140","1","9","132","1","s"
"2141","1","9","133","1","s"
"2142","1","9","134","1","s"
"2143","1","9","135","0","s"
"2144","1","9","136","1","s"
"2145","1","9","137","1","s"
"2146","1","9","138","1","s"
"2147","1","9","139","0","s"
"2148","1","9","140","1","s"
"2149","1","9","141","1","s"
"2150","1","9","142","1","s"
"2151","1","9","143","0","s"
"2152","1","9","144","0","s"
"2153","1","9","145","0","s"
"2154","1","9","146","1","s"
"2155","1","9","147","1","i"
"2156","1","9","148","1","s"
"2157","1","9","149","0","s"
"2158","1","9","150","0","s"
"2159","1","9","151","1","s"
"2160","1","9","152","0","s"
"2161","1","9","153","0","s"
"2162","1","9","154","0","s"
"2163","1","9","155","1","s"
"2164","1","9","156","1","s"
"2165","1","9","157","1","s"
"2166","1","9","158","1","s"
"2167","1","9","159","1","s"
"2168","1","9","160","0","s"
"2169","1","9","161","1","s"
"2170","1","9","162","0","s"
"2171","1","9","163","0","s"
"2172","1","9","164","1","s"
"2173","1","9","165","1","s"
"2174","1","9","166","0","s"
"2175","1","9","167","1","s"
"2176","1","9","168","1","s"
"2177","1","9","169","1","s"
"2178","1","9","170","0","s"
"2179","1","9","171","1","s"
"2180","1","9","172","1","s"
"2181","1","9","173","0","s"
"2182","1","9","174","0","s"
"2183","1","9","175","0","s"
"2184","1","9","176","1","s"
"2185","1","9","177","1","s"
"2186","1","9","178","0","s"
"2187","1","9","179","0","s"
"2188","1","9","180","1","s"
"2189","1","9","181","0","s"
"2190","1","9","182","0","i"
"2191","1","9","183","0","s"
"2192","1","9","184","0","s"
"2193","1","9","185","1","s"
"2194","1","9","186","0","s"
"2195","1","9","187","1","s"
"2196","1","9","188","1","s"
"2197","1","9","189","0","s"
"2198","1","9","190","0","s"
"2199","1","9","191","1","s"
"2200","1","9","192","1","s"
"2201","1","9","193","1","s"
"2202","1","9","194","1","s"
"2203","1","9","195","1","s"
"2204","1","9","196","1","s"
"2205","1","9","197","1","s"
"2206","1","9","198","1","s"
"2207","1","9","199","1","s"
"2208","1","9","200","0","s"
"2209","1","9","201","1","i"
"2210","1","9","202","1","s"
"2211","1","9","203","0","s"
"2212","1","9","204","0","s"
"2213","1","9","205","1","s"
"2214","1","9","206","1","s"
"2215","1","9","207","1","s"
"2216","1","9","208","0","s"
"2217","1","9","209","1","s"
"2218","1","9","210","0","s"
"2219","1","9","211","0","s"
"2220","1","9","212","0","s"
"2221","1","9","213","0","s"
"2222","1","9","214","0","s"
"2223","1","9","215","0","s"
"2224","1","9","216","0","s"
"2225","1","9","217","0","s"
"2226","1","9","218","1","s"
"2227","1","9","219","1","s"
"2228","1","9","220","0","s"
"2229","1","9","221","1","s"
"2230","1","9","222","1","s"
"2231","1","9","223","1","s"
"2232","1","9","224","0","s"
"2233","1","9","225","1","s"
"2234","1","9","226","1","s"
"2235","1","9","227","1","s"
"2236","1","9","228","1","s"
"2237","1","9","229","0","s"
"2238","1","9","230","0","s"
"2239","1","9","231","0","s"
"2240","1","9","232","0","s"
"2241","1","9","233","1","s"
"2242","1","9","234","1","s"
"2243","1","9","235","0","s"
"2244","1","9","236","1","s"
"2245","1","9","237","1","s"
"2246","1","9","238","0","s"
"2247","1","9","239","1","s"
"2248","1","9","240","0","s"
"2249","1","9","241","1","s"
"2250","1","9","242","1","s"
"2251","1","9","243","0","s"
"2252","1","9","244","1","s"
"2253","1","9","245","0","s"
"2254","1","9","246","1","s"
"2255","1","9","247","0","s"
"2256","1","9","248","1","s"
"2257","1","9","249","1","s"
"2258","1","9","250","0","s"
"2259","1","9","251","1","s"
"2260","1","9","252","1","s"
"2261","1","9","253","1","s"
"2262","1","9","254","0","s"
"2263","1","9","255","0","s"
"2264","1","9","256","0","s"
"2265","1","9","257","0","s"
"2266","1","9","258","0","s"
"2267","1","9","259","0","s"
"2268","1","9","260","0","s"
"2269","1","9","261","0","s"
"2270","1","9","262","0","s"
"2271","1","9","263","1","s"
"2272","1","9","264","0","s"
"2273","1","9","265","1","s"
"2274","1","9","266","1","s"
"2275","1","9","267","1","s"
"2276","1","9","268","0","s"
"2277","1","9","269","0","s"
"2278","1","9","270","0","s"
"2279","1","9","271","1","s"
"2280","1","9","272","0","s"
"2281","1","9","273","1","s"
"2282","1","9","274","0","s"
"2283","1","9","275","0","i"
"2284","1","9","276","0","s"
"2285","1","9","277","0","s"
"2286","1","9","278","1","i"
"2287","1","9","279","0","s"
"2288","1","9","280","1","s"
"2289","1","9","281","1","s"
"2290","1","9","282","0","s"
"2291","1","9","283","0","s"
"2292","1","9","284","1","s"
"2293","1","9","285","0","s"
"2294","1","9","286","1","s"
"2295","1","9","287","1","i"
"2296","1","9","288","1","s"
"2297","1","9","289","0","s"
"2298","1","9","290","1","s"
"2299","1","9","291","0","s"
"2300","1","9","292","0","s"
"2301","1","9","293","0","s"
"2302","1","9","294","1","s"
"2303","1","9","295","0","s"
"2304","1","9","296","1","s"
"2305","1","9","297","0","s"
"2306","1","9","298","0","s"
"2307","1","9","299","0","s"
"2308","1","9","300","0","s"
"2309","1","9","301","0","s"
"2310","1","9","302","0","s"
"2311","1","9","303","0","s"
"2312","1","9","304","0","s"
"2313","1","9","305","1","s"
"2314","1","9","306","1","i"
"2315","1","9","307","1","s"
"2316","1","9","308","0","s"
"2317","1","9","309","0","s"
"2318","1","9","310","1","s"
"2319","1","9","311","1","s"
"2320","1","9","312","0","s"
"2321","1","9","313","0","s"
"2322","1","9","314","1","s"
"2323","1","9","315","1","s"
"2324","1","9","316","0","s"
"2325","1","9","317","1","s"
"2326","1","9","318","0","s"
"2327","1","9","319","0","s"
"2328","1","9","320","1","s"
"2329","1","9","321","0","s"
"2330","1","9","322","1","s"
"2331","1","9","323","1","s"
"2332","1","9","324","1","s"
"2333","1","9","325","1","s"
"2334","1","9","326","0","s"
"2335","1","9","327","0","s"
"2336","1","9","328","0","s"
"2337","1","9","329","1","s"
"2338","1","9","330","0","s"
"2339","1","9","331","1","s"
"2340","1","9","332","0","s"
"2341","1","9","333","1","s"
"2342","1","9","334","1","s"
"2343","1","9","335","1","s"
"2344","1","9","336","0","s"
"2345","1","9","337","0","s"
"2346","1","9","338","0","s"
"2347","1","9","339","1","s"
"2348","1","9","340","0","s"
"2349","1","9","341","0","s"
"2350","1","9","342","0","s"
"2351","1","9","343","0","s"
"2352","1","9","344","1","s"
"2353","1","9","345","1","s"
"2354","1","9","346","0","s"
"2355","1","9","347","0","s"
"2356","1","9","348","0","s"
"2357","1","9","349","1","s"
"2358","1","9","350","1","s"
"2359","1","9","351","1","s"
"2360","1","9","352","1","s"
"2361","1","9","353","1","s"
"2362","1","9","354","1","s"
"2363","1","9","355","1","s"
"2364","1","9","356","0","s"
"2365","1","9","357","0","s"
"2366","1","9","358","1","s"
"2367","1","9","359","0","s"
"2368","1","9","360","0","s"
"2369","1","9","361","1","s"
"2370","1","9","362","1","s"
"2371","1","9","363","1","s"
"2372","1","9","364","1","s"
"2373","1","9","365","0","s"
"2374","1","9","366","1","s"
"2375","1","9","367","0","s"
"2376","1","9","368","1","s"
"2377","1","9","369","0","s"
"2378","1","9","370","1","s"
"2379","1","9","371","0","s"
"2380","1","9","372","1","s"
"2381","1","9","373","0","s"
"2382","1","9","374","0","s"
"2383","1","9","375","1","s"
"2384","1","9","376","0","s"
"2385","1","9","377","1","s"
"2386","1","9","378","0","s"
"2387","1","9","379","0","s"
"2388","1","9","380","0","s"
"2389","1","9","381","0","s"
"2390","1","9","382","0","s"
"2391","1","9","383","0","s"
"2392","1","9","384","1","s"
"2393","1","9","385","0","s"
"2394","1","9","386","1","s"
"2395","1","9","387","0","s"
"2396","1","9","388","1","s"
"2397","1","9","389","1","s"
"2398","1","9","390","0","s"
"2399","1","9","391","0","s"
"2400","1","9","392","1","s"
"2401","1","9","393","0","s"
"2402","1","9","394","1","s"
"2403","1","9","395","1","s"
"2404","1","9","396","1","s"
"2405","1","9","397","0","s"
"2406","1","9","398","1","s"
"2407","1","9","399","0","s"
"2408","1","9","400","0","s"
"2409","1","9","401","0","s"
"2410","1","9","402","0","s"
"2411","1","9","403","1","s"
"2412","1","9","404","1","s"
"2413","1","9","405","0","s"
"2414","1","9","406","1","s"
"2415","1","9","407","1","s"
"2416","1","9","408","1","s"
"2417","1","9","409","1","s"
"2418","1","9","410","1","s"
"2419","1","9","411","0","s"
"2420","1","9","412","0","s"
"2421","1","9","413","1","s"
"2422","1","9","414","1","s"
"2423","1","9","415","1","s"
"2424","1","9","416","0","s"
"2425","1","9","417","0","s"
"2426","1","9","418","0","s"
"2427","1","9","419","0","i"
"2428","1","9","420","1","s"
"2429","1","9","421","1","s"
"2430","1","9","422","0","s"
"2431","1","9","423","0","s"
"2432","1","9","424","0","s"
"2433","1","9","425","0","s"
"2434","1","9","426","0","s"
"2435","1","9","427","1","s"
"2436","1","9","428","1","s"
"2437","1","9","429","0","s"
"2438","1","9","430","0","s"
"2439","1","9","431","1","s"
"2440","1","9","432","0","s"
"2441","1","9","433","1","s"
"2442","1","9","434","1","s"
"2443","1","9","435","1","s"
"2444","1","9","436","0","s"
"2445","1","9","437","0","s"
"2446","1","9","438","0","s"
"2447","1","9","439","1","s"
"2448","1","9","440","0","s"
"2449","1","9","441","1","s"
"2450","1","9","442","0","s"
"2451","1","9","443","1","s"
"2452","1","9","444","0","s"
"2453","1","9","445","1","s"
"2454","1","9","446","0","s"
"2455","1","9","447","1","s"
"2456","1","9","448","1","s"
"2457","1","9","449","1","s"
"2458","1","9","450","1","s"
"2459","1","9","451","0","s"
"2460","1","9","452","0","s"
"2461","1","9","453","0","s"
"2462","1","9","454","0","s"
"2463","1","9","455","1","s"
"2464","1","9","456","0","s"
"2465","1","9","457","0","s"
"2466","1","9","458","0","s"
"2467","1","9","459","0","s"
"2468","1","9","460","1","s"
"2469","1","9","461","1","s"
"2470","1","9","462","1","s"
"2471","1","9","463","1","s"
"2472","1","9","464","0","s"
"2473","1","9","465","0","s"
"2474","1","9","466","0","s"
"2475","1","9","467","0","s"
"2476","1","9","468","1","s"
"2477","1","9","469","0","s"
"2478","1","9","470","1","s"
"2479","1","9","471","0","s"
"2480","1","9","472","0","s"
"2481","1","9","473","1","s"
"2482","1","9","474","0","s"
"2483","1","9","475","0","s"
"2484","1","9","476","0","s"
"2485","1","9","477","1","s"
"2486","1","9","478","0","s"
"2487","1","9","479","1","s"
"2488","1","9","480","0","s"
"2489","1","9","481","1","s"
"2490","1","9","482","1","s"
"2491","1","9","483","0","s"
"2492","1","9","484","1","s"
"2493","1","9","485","1","s"
"2494","1","9","486","1","s"
"2495","1","9","487","0","s"
"2496","1","9","488","0","s"
"2497","1","9","489","0","s"
"2498","1","9","490","1","s"
"2499","1","9","491","0","0"
"2500","1","9","492","0","0"
"2501","1","9","493","1","0"
"2502","1","9","494","0","0"
"2503","1","9","495","0","0"
"2504","1","9","496","0","0"
"2505","1","9","497","1","0"
"2506","1","9","498","1","0"
"2507","1","9","499","0","0"
"2508","1","9","500","0","0"
"2509","1","9","501","0","0"
"2510","1","9","502","0","0"
"2511","1","9","503","1","0"
"2512","1","9","504","1","0"
